Rank,Title,Year,Rating,Runtime,Comedy,Drama,Crime,Thriller,Horror,Action,Music
1,Airport for Birds,2013,10.0,81,1,0,0,0,0,0,0
2,For the Cause,2013,10.0,,0,1,0,0,0,0,0
3,Hide the Sausage,2016,10.0,,0,0,1,0,0,0,0
4,Behind Every Door,2015,10.0,,0,0,0,1,0,0,0
5,Porkchop and a Glass of Water,2006,10.0,85,1,0,1,0,0,0,0
6,Bill Huckstabelle: Serial Rapist,2015,10.0,60,0,0,0,0,1,0,0
7,Zombie Boy,2015,10.0,78,1,0,0,0,0,1,0
8,From Barbados with Love,2006,10.0,69,0,0,0,0,0,0,0
9,Robbie Williams: Take the Crown Live,2012,10.0,,0,0,0,0,0,0,1
10,The Bailey Case,2011,10.0,110,0,0,0,0,1,0,0
11,Golden Treasure,2016,9.9,,0,1,0,0,0,0,0
12,Stevie D,2016,9.9,119,1,1,1,0,0,0,0
13,Ketika Mas Gagah Pergi the Movie,2016,9.9,,0,1,0,0,0,0,0
14,The Pain of the People,2014,9.8,110,0,1,1,1,0,0,0
15,Drugs & Other Love,2016,9.8,,1,0,0,0,0,0,0
